<?xml version="1.0" encoding="utf-8"?>
<edmx:Edmx Version="1.0" xmlns:edmx="http://schemas.microsoft.com/ado/2007/06/edmx" xmlns:m="http://schemas.microsoft.com/ado/2007/08/dataservices/metadata" xmlns:sap="http://www.sap.com/Protocols/SAPData">
    <edmx:DataServices m:DataServiceVersion="2.0">
        <Schema Namespace="ZEA_FI06_SRV" xml:lang="en" sap:schema-version="1" xmlns="http://schemas.microsoft.com/ado/2008/09/edm">
            <EntityType Name="inventory" sap:content-version="1">
                <Key>
                    <PropertyRef Name="Movid"/>
                    <PropertyRef Name="Plantfr"/>
                </Key>
                <Property Name="Movid" Type="Edm.String" Nullable="false" MaxLength="10" sap:unicode="false" sap:label="자재이전 요청 번호" sap:creatable="false" sap:updatable="false" sap:sortable="false" sap:filterable="false"/>
                <Property Name="BOOKID" Type="Edm.String" Nullable="false" MaxLength="6" sap:unicode="false" sap:label="예약번호" sap:creatable="false" sap:updatable="false" sap:sortable="false" sap:filterable="false"/>
                <Property Name="Elcdt" Type="Edm.String" Nullable="false" MaxLength="10" sap:unicode="false" sap:label="전기일자" sap:creatable="false" sap:updatable="false" sap:sortable="false" sap:filterable="false"/>
                <Property Name="Matnr" Type="Edm.String" Nullable="false" MaxLength="40" sap:unicode="false" sap:label="자재코드" sap:creatable="false" sap:updatable="false" sap:sortable="false" sap:filterable="false"/>
                <Property Name="Charg" Type="Edm.String" Nullable="false" MaxLength="8" sap:unicode="false" sap:label="배치 번호" sap:creatable="false" sap:updatable="false" sap:sortable="false" sap:filterable="false"/>
                <Property Name="Plantfr" Type="Edm.String" Nullable="false" MaxLength="5" sap:unicode="false" sap:label="시작정보(플랜트)" sap:creatable="false" sap:updatable="false" sap:sortable="false" sap:filterable="false"/>
                <Property Name="Plantto" Type="Edm.String" Nullable="false" MaxLength="5" sap:unicode="false" sap:label="도착정보(플랜트)" sap:creatable="false" sap:updatable="false" sap:sortable="false" sap:filterable="false"/>
                <Property Name="Lgortfr" Type="Edm.String" Nullable="false" MaxLength="4" sap:unicode="false" sap:label="저장위치(시작)" sap:creatable="false" sap:updatable="false" sap:sortable="false" sap:filterable="false"/>
                <Property Name="Lgortto" Type="Edm.String" Nullable="false" MaxLength="4" sap:unicode="false" sap:label="저장위치(도착)" sap:creatable="false" sap:updatable="false" sap:sortable="false" sap:filterable="false"/>
                <Property Name="Dmbtr" Type="Edm.Decimal" Nullable="false" Precision="24" Scale="3" sap:unicode="false" sap:unit="Waers1" sap:label="전표통화금액" sap:creatable="false" sap:updatable="false" sap:sortable="false" sap:filterable="false"/>
                <Property Name="Waers1" Type="Edm.String" Nullable="false" MaxLength="5" sap:unicode="false" sap:label="통화코드" sap:creatable="false" sap:updatable="false" sap:sortable="false" sap:filterable="false" sap:semantics="currency-code"/>
                <Property Name="Menge" Type="Edm.Decimal" Nullable="false" Precision="13" Scale="3" sap:unicode="false" sap:unit="Meins" sap:label="수량" sap:creatable="false" sap:updatable="false" sap:sortable="false" sap:filterable="false"/>
                <Property Name="Meins" Type="Edm.String" Nullable="false" MaxLength="3" sap:unicode="false" sap:label="Unit" sap:creatable="false" sap:updatable="false" sap:sortable="false" sap:filterable="false" sap:semantics="unit-of-measure"/>
                <Property Name="Stauts" Type="Edm.String" Nullable="false" MaxLength="1" sap:unicode="false" sap:label="상태 플래그" sap:creatable="false" sap:updatable="false" sap:sortable="false" sap:filterable="false"/>
                <Property Name="Grund" Type="Edm.String" Nullable="false" MaxLength="100" sap:unicode="false" sap:label="자재 이동사유" sap:creatable="false" sap:updatable="false" sap:sortable="false" sap:filterable="false"/>
            </EntityType>
            <EntityContainer Name="ZEA_FI06_SRV_Entities" m:IsDefaultEntityContainer="true" sap:supported-formats="atom json xlsx">
                <EntitySet Name="inventorySet" EntityType="ZEA_FI06_SRV.inventory" sap:creatable="false" sap:updatable="false" sap:deletable="false" sap:pageable="false" sap:content-version="1"/>
            </EntityContainer>
            <atom:link rel="self" href="http://210.16.199.140:8001/sap/opu/odata/sap/ZEA_FI06_SRV/$metadata" xmlns:atom="http://www.w3.org/2005/Atom"/>
            <atom:link rel="latest-version" href="http://210.16.199.140:8001/sap/opu/odata/sap/ZEA_FI06_SRV/$metadata" xmlns:atom="http://www.w3.org/2005/Atom"/>
        </Schema>
    </edmx:DataServices>
</edmx:Edmx>